id,name,email
1,id labore ex et quam laborum,Eliseo@gardner.biz
10,eaque et deleniti atque tenetur ut quo ut,Carmen_Keeling@caroline.name
11,fugit labore quia mollitia quas deserunt nostrum sunt,Veronica_Goodwin@timmothy.net
12,modi ut eos dolores illum nam dolor,Oswald.Vandervort@leanne.org
13,aut inventore non pariatur sit vitae voluptatem sapiente,Kariane@jadyn.tv
14,et officiis id praesentium hic aut ipsa dolorem repudiandae,Nathan@solon.io
15,debitis magnam hic odit aut ullam nostrum tenetur,Maynard.Hodkiewicz@roberta.com
16,perferendis temporibus delectus optio ea eum ratione dolorum,Christine@ayana.info
17,eos est animi quis,Preston_Hudson@blaise.tv
18,aut et tenetur ducimus illum aut nulla ab,Vincenza_Klocko@albertha.name
19,sed impedit rerum quia et et inventore unde officiis,Madelynn.Gorczany@darion.biz
100,et sint quia dolor et est ea nulla cum,Leone_Fay@orrin.com
101,perspiciatis magnam ut eum autem similique explicabo expedita,Lura@rod.tv
102,officia ullam ut neque earum ipsa et fuga,Lottie.Zieme@ruben.us
103,ipsum a ut,Winona_Price@jevon.me
104,a assumenda totam,Gabriel@oceane.biz
105,voluptatem repellat est,Adolph.Ondricka@mozell.co.uk
106,maiores placeat facere quam pariatur,Allen@richard.biz
107,in ipsam vel id impedit possimus eos voluptate,Nicholaus@mikayla.ca
108,ut veritatis corporis placeat suscipit consequatur quaerat,Kayla@susanna.org
109,eveniet ut similique accusantium qui dignissimos,Gideon@amina.name
110,sint est odit officiis similique aut corrupti quas autem,Cassidy@maribel.io
111,possimus facilis deleniti nemo atque voluptate,Stefan.Crist@duane.ca
112,dolore aut aspernatur est voluptate quia ipsam,Aniyah.Ortiz@monte.me
113,sint quo debitis deleniti repellat,Laverna@rico.biz
114,optio et sunt non,Derek@hildegard.net
115,occaecati dolorem eum in veniam quia quo reiciendis,Tyrell@abdullah.ca
116,veritatis sit tempora quasi fuga aut dolorum,Reyes@hailey.name
117,incidunt quae optio quam corporis iste deleniti accusantium vero,Danika.Dicki@mekhi.biz
118,quisquam laborum reiciendis aut,Alessandra.Nitzsche@stephania.us
119,minus pariatur odit,Matteo@marquis.net
120,harum error sit,Joshua.Spinka@toby.io
121,deleniti quo corporis ullam magni praesentium molestiae,Annabelle@cole.com
122,nihil tempora et reiciendis modi veniam,Kacey@jamal.info
123,ad eos explicabo odio velit,Mina@mallie.name
124,nostrum suscipit aut consequatur magnam sunt fuga nihil,Hudson.Blick@ruben.biz
125,porro et voluptate et reprehenderit,Domenic.Durgan@joaquin.name
126,fuga tenetur id et qui labore delectus,Alexie@alayna.org
127,consequatur harum magnam,Haven_Barrows@brant.org
128,labore architecto quaerat tempora voluptas consequuntur animi,Marianne@maximo.us
129,deleniti facere tempore et perspiciatis voluptas quis voluptatem,Fanny@danial.com
130,quod est non quia doloribus quam deleniti libero,Trevion_Kuphal@bernice.name
131,voluptas quasi sunt laboriosam,Emmet@guy.biz
132,unde tenetur vero eum iusto,Megane.Fritsch@claude.name
133,est adipisci laudantium amet rem asperiores,Amya@durward.ca
134,reiciendis quo est vitae dignissimos libero ut officiis fugiat,Jasen_Rempel@willis.org
135,inventore fugiat dignissimos,Harmony@reggie.com
136,et expedita est odit,Rosanna_Kunze@guy.net
137,saepe dolore qui tempore nihil perspiciatis omnis omnis magni,Ressie.Boehm@flossie.com
138,ea optio nesciunt officia velit enim facilis commodi,Domenic.Wuckert@jazmyne.us
139,ut pariatur voluptate possimus quasi,Rhett.OKon@brian.info
140,consectetur tempore eum consequuntur,Mathias@richmond.info
141,dignissimos perspiciatis voluptate quos rem qui temporibus excepturi,Ottis@lourdes.org
142,cum dolore sit quisquam provident nostrum vitae,Estel@newton.ca
143,velit molestiae assumenda perferendis voluptas explicabo,Bertha@erik.co.uk
144,earum ipsum ea quas qui molestiae omnis unde,Joesph@matteo.info
145,magni iusto sit,Alva@cassandre.net
146,est qui debitis,Vivienne@willis.org
147,reiciendis et consectetur officiis beatae corrupti aperiam,Angelita@aliza.me
148,iusto reprehenderit voluptatem modi,Timmothy_Okuneva@alyce.tv
149,optio dolorem et reiciendis et recusandae quidem,Moriah_Welch@richmond.org
150,id saepe numquam est facilis sint enim voluptas voluptatem,Ramiro_Kuhn@harmon.biz
151,ut quas facilis laborum voluptatum consequatur odio voluptate et,Cary@taurean.biz
152,quod doloremque omnis,Tillman_Koelpin@luisa.com
153,dolorum et dolorem optio in provident,Aleen@tania.biz
154,odit illo optio ea modi in,Durward@cindy.com
155,adipisci laboriosam repudiandae omnis veritatis in facere similique rem,Lester@chauncey.ca
156,pariatur omnis in,Telly_Lynch@karl.co.uk
157,aut nobis et consequatur,Makenzie@libbie.io
158,explicabo est molestiae aut,Amiya@perry.us
159,voluptas blanditiis deserunt quia quis,Meghan@akeem.tv
160,sint fugit esse,Mitchel.Williamson@fletcher.io
161,nesciunt quidem veritatis alias odit nisi voluptatem non est,Ashlee_Jast@emie.biz
162,animi vitae qui aut corrupti neque culpa modi,Antwan@lori.ca
163,omnis ducimus ab temporibus nobis porro natus deleniti,Estelle@valentina.info
164,eius corrupti ea,Haylie@gino.name
165,quia commodi molestiae assumenda provident sit incidunt laudantium,Blake_Spinka@robyn.info
166,sint alias molestiae qui dolor vel,Aimee.Bins@braeden.ca
167,ea nam iste est repudiandae,Eloy@vladimir.com
168,quis harum voluptatem et culpa,Gabrielle@jada.co.uk
169,dolor dolore similique tempore ducimus,Lee@dawn.net
170,cupiditate labore omnis consequatur,Gideon.Hyatt@jalen.tv
171,voluptatibus qui est et,Gerda.Reynolds@ceasar.co.uk
172,corporis ullam quo,Ivah@brianne.net
173,nulla accusamus saepe debitis cum,Ethyl_Bogan@candace.co.uk
174,iure praesentium ipsam,Janelle_Guann@americo.info
175,autem totam velit officiis voluptates et ullam rem,Alfonzo.Barton@kelley.co.uk
176,ipsam deleniti incidunt repudiandae voluptatem maxime provident non dolores,Esther@ford.me
177,ab cupiditate blanditiis ea sunt,Naomie_Cronin@rick.co.uk
178,rerum ex quam enim sunt,Darryl@reginald.us
179,et iure ex rerum qui,Thea@aurelio.org
180,autem tempora a iusto eum aut voluptatum,Carolyn@eloisa.biz
181,similique ut et non laboriosam in eligendi et,Milan.Schoen@cortney.io
182,soluta corporis excepturi consequatur perspiciatis quia voluptatem,Sabrina@raymond.biz
183,praesentium quod quidem optio omnis qui,Hildegard@alford.ca
184,veritatis velit quasi quo et voluptates dolore,Lowell.Pagac@omari.biz
185,natus assumenda ut,Vivianne@ima.us
186,voluptas distinctio qui similique quasi voluptatem non sit,Yasmin.Prohaska@hanna.co.uk
187,maiores iste dolor itaque nemo voluptas,Ursula.Kirlin@eino.org
188,quisquam quod quia nihil animi minima facere odit est,Nichole_Bartoletti@mozell.me
189,ut iusto asperiores delectus,Lottie_Wyman@jasen.biz
190,dignissimos voluptatibus libero,Dominique_Hermann@paige.ca
191,est perferendis eos dolores maxime rerum qui,Eugene@mohammed.net
192,sunt veritatis quisquam est et porro nesciunt excepturi a,Janick@marty.me
193,quia velit nostrum eligendi voluptates,Alena@deron.name
194,non ut sunt ut eius autem ipsa eos sapiente,Alphonso_Rosenbaum@valentin.co.uk
195,tempore vel accusantium qui quidem esse ut aut,Frank@rosalind.name
196,totam vel saepe aut qui velit quis,Jenifer_Lowe@reuben.ca
197,non perspiciatis omnis facere rem,Cecelia_Nitzsche@marty.com
198,quod vel enim sit quia ipsa quo dolores,Christop_Friesen@jordan.me
199,pariatur aspernatur nam atque quis,Cooper_Boehm@damian.biz
